,pclass,survived,sex,age,sibsp,parch,fare,embarked
0,1,1,0,29.0,0,0,211.3375,3
1,1,1,1,0.9167,1,2,151.55,3
2,1,0,0,2.0,1,2,151.55,3
3,1,0,1,30.0,1,2,151.55,3
4,1,0,0,25.0,1,2,151.55,3
5,1,1,1,48.0,0,0,26.55,3
6,1,1,0,63.0,1,0,77.9583,3
7,1,0,1,39.0,0,0,0.0,3
8,1,1,0,53.0,2,0,51.4792,3
9,1,0,1,71.0,0,0,49.5042,0
10,1,0,1,47.0,1,0,227.525,0
11,1,1,0,18.0,1,0,227.525,0
12,1,1,0,24.0,0,0,69.3,0
13,1,1,0,26.0,0,0,78.85,3
14,1,1,1,80.0,0,0,30.0,3
15,1,0,1,28.0,0,0,25.925,3
16,1,0,1,24.0,0,1,247.5208,0
17,1,1,0,50.0,0,1,247.5208,0
18,1,1,0,32.0,0,0,76.2917,0
19,1,0,1,36.0,0,0,75.2417,0
20,1,1,1,37.0,1,1,52.5542,3
21,1,1,0,47.0,1,1,52.5542,3
22,1,1,1,26.0,0,0,30.0,0
23,1,1,0,42.0,0,0,227.525,0
24,1,1,0,29.0,0,0,221.7792,3
25,1,0,1,25.0,0,0,26.0,0
26,1,1,1,25.0,1,0,91.0792,0
27,1,1,0,19.0,1,0,91.0792,0
28,1,1,0,35.0,0,0,135.6333,3
29,1,1,1,28.0,0,0,26.55,3
30,1,0,1,45.0,0,0,35.5,3
31,1,1,1,40.0,0,0,31.0,0
32,1,1,0,30.0,0,0,164.8667,3
33,1,1,0,58.0,0,0,26.55,3
34,1,0,1,42.0,0,0,26.55,3
35,1,1,0,45.0,0,0,262.375,0
36,1,1,0,22.0,0,1,55.0,3
37,1,1,1,28.0,0,0,26.55,3
38,1,0,1,41.0,0,0,30.5,3
39,1,0,1,48.0,0,0,50.4958,0
40,1,0,1,28.0,0,0,39.6,0
41,1,1,0,44.0,0,0,27.7208,0
42,1,1,0,59.0,2,0,51.4792,3
43,1,1,0,60.0,0,0,76.2917,0
44,1,1,0,41.0,0,0,134.5,0
45,1,0,1,45.0,0,0,26.55,3
46,1,0,1,28.0,0,0,31.0,3
47,1,1,1,42.0,0,0,26.2875,3
48,1,1,0,53.0,0,0,27.4458,0
49,1,1,1,36.0,0,1,512.3292,0
50,1,1,0,58.0,0,1,512.3292,0
51,1,0,1,33.0,0,0,5.0,3
52,1,0,1,28.0,0,0,47.1,3
53,1,0,1,17.0,0,0,47.1,3
54,1,1,1,11.0,1,2,120.0,3
55,1,1,0,14.0,1,2,120.0,3
56,1,1,1,36.0,1,2,120.0,3
57,1,1,0,36.0,1,2,120.0,3
58,1,0,1,49.0,0,0,26.0,3
59,1,1,0,28.0,0,0,27.7208,0
60,1,0,1,36.0,1,0,78.85,3
61,1,1,0,76.0,1,0,78.85,3
62,1,0,1,46.0,1,0,61.175,3
63,1,1,0,47.0,1,0,61.175,3
64,1,1,1,27.0,1,0,53.1,3
65,1,1,0,33.0,1,0,53.1,3
66,1,1,0,36.0,0,0,262.375,0
67,1,1,0,30.0,0,0,86.5,3
68,1,1,1,45.0,0,0,29.7,0
69,1,1,0,28.0,0,1,55.0,3
70,1,0,1,28.0,0,0,0.0,3
71,1,0,1,27.0,1,0,136.7792,0
72,1,1,0,26.0,1,0,136.7792,0
73,1,1,0,22.0,0,0,151.55,3
74,1,0,1,28.0,0,0,52.0,3
75,1,0,1,47.0,0,0,25.5875,3
76,1,1,0,39.0,1,1,83.1583,0
77,1,0,1,37.0,1,1,83.1583,0
78,1,1,0,64.0,0,2,83.1583,0
79,1,1,0,55.0,2,0,25.7,3
80,1,0,1,28.0,0,0,26.55,3
81,1,0,1,70.0,1,1,71.0,3
82,1,1,0,36.0,0,2,71.0,3
83,1,1,0,64.0,1,1,26.55,3
84,1,0,1,39.0,1,0,71.2833,0
85,1,1,0,38.0,1,0,71.2833,0
86,1,1,1,51.0,0,0,26.55,3
87,1,1,1,27.0,0,0,30.5,3
88,1,1,0,33.0,0,0,151.55,3
89,1,0,1,31.0,1,0,52.0,3
90,1,1,0,27.0,1,2,52.0,3
91,1,1,1,31.0,1,0,57.0,3
92,1,1,0,17.0,1,0,57.0,3
93,1,1,1,53.0,1,1,81.8583,3
94,1,1,1,4.0,0,2,81.8583,3
95,1,1,0,54.0,1,1,81.8583,3
96,1,0,1,50.0,1,0,106.425,0
97,1,1,0,27.0,1,1,247.5208,0
98,1,1,0,48.0,1,0,106.425,0
99,1,1,0,48.0,1,0,39.6,0
100,1,1,1,49.0,1,0,56.9292,0
101,1,0,1,39.0,0,0,29.7,0
102,1,1,0,23.0,0,1,83.1583,0
103,1,1,0,38.0,0,0,227.525,0
104,1,1,0,54.0,1,0,78.2667,0
105,1,0,0,36.0,0,0,31.6792,0
106,1,0,1,28.0,0,0,221.7792,3
107,1,1,0,28.0,0,0,31.6833,3
108,1,1,0,28.0,0,0,110.8833,0
109,1,1,1,36.0,0,0,26.3875,3
110,1,0,1,30.0,0,0,27.75,0
111,1,1,0,24.0,3,2,263.0,3
112,1,1,0,28.0,3,2,263.0,3
113,1,1,0,23.0,3,2,263.0,3
114,1,0,1,19.0,3,2,263.0,3
115,1,0,1,64.0,1,4,263.0,3
116,1,1,0,60.0,1,4,263.0,3
117,1,1,0,30.0,0,0,56.9292,0
118,1,0,1,28.0,0,0,26.55,3
119,1,1,1,50.0,2,0,133.65,3
120,1,1,1,43.0,1,0,27.7208,0
121,1,1,0,28.0,1,0,133.65,3
122,1,1,0,22.0,0,2,49.5,0
123,1,1,1,60.0,1,1,79.2,0
124,1,1,0,48.0,1,1,79.2,0
125,1,0,1,28.0,0,0,0.0,3
126,1,0,1,37.0,1,0,53.1,3
127,1,1,0,35.0,1,0,53.1,3
128,1,0,1,47.0,0,0,38.5,3
129,1,1,0,35.0,0,0,211.5,0
130,1,1,0,22.0,0,1,59.4,0
131,1,1,0,45.0,0,1,59.4,0
132,1,0,1,24.0,0,0,79.2,0
133,1,1,1,49.0,1,0,89.1042,0
134,1,1,0,28.0,1,0,89.1042,0
135,1,0,1,71.0,0,0,34.6542,0
136,1,1,1,53.0,0,0,28.5,0
137,1,1,0,19.0,0,0,30.0,3
138,1,0,1,38.0,0,1,153.4625,3
139,1,1,0,58.0,0,1,153.4625,3
140,1,1,1,23.0,0,1,63.3583,0
141,1,1,0,45.0,0,1,63.3583,0
142,1,0,1,46.0,0,0,79.2,0
143,1,1,1,25.0,1,0,55.4417,0
144,1,1,0,25.0,1,0,55.4417,0
145,1,1,1,48.0,1,0,76.7292,0
146,1,1,0,49.0,1,0,76.7292,0
147,1,0,1,28.0,0,0,42.4,3
148,1,0,1,45.0,1,0,83.475,3
149,1,1,0,35.0,1,0,83.475,3
150,1,0,1,40.0,0,0,0.0,3
151,1,1,1,27.0,0,0,76.7292,0
152,1,1,1,28.0,0,0,30.0,3
153,1,1,0,24.0,0,0,83.1583,0
154,1,0,1,55.0,1,1,93.5,3
155,1,1,0,52.0,1,1,93.5,3
156,1,0,1,42.0,0,0,42.5,3
157,1,0,1,28.0,0,0,51.8625,3
158,1,0,1,55.0,0,0,50.0,3
159,1,1,0,16.0,0,1,57.9792,0
160,1,1,0,44.0,0,1,57.9792,0
161,1,1,0,51.0,1,0,77.9583,3
162,1,0,1,42.0,1,0,52.0,3
163,1,1,0,35.0,1,0,52.0,3
164,1,1,1,35.0,0,0,26.55,0
165,1,1,1,38.0,1,0,90.0,3
166,1,0,1,28.0,0,0,30.6958,0
167,1,1,0,35.0,1,0,90.0,3
168,1,1,0,38.0,0,0,80.0,1
169,1,0,0,50.0,0,0,28.7125,0
170,1,1,1,49.0,0,0,0.0,3
171,1,0,1,46.0,0,0,26.0,3
172,1,0,1,50.0,0,0,26.0,3
173,1,0,1,32.5,0,0,211.5,0
174,1,0,1,58.0,0,0,29.7,0
175,1,0,1,41.0,1,0,51.8625,3
176,1,1,0,28.0,1,0,51.8625,3
177,1,1,1,42.0,1,0,52.5542,3
178,1,1,0,45.0,1,0,52.5542,3
179,1,0,1,28.0,0,0,26.55,3
180,1,1,0,39.0,0,0,211.3375,3
181,1,1,0,49.0,0,0,25.9292,3
182,1,1,0,30.0,0,0,106.425,0
183,1,1,1,35.0,0,0,512.3292,0
184,1,0,1,28.0,0,0,27.7208,0
185,1,0,1,42.0,0,0,26.55,3
186,1,1,0,55.0,0,0,27.7208,0
187,1,1,0,16.0,0,1,39.4,3
188,1,1,0,51.0,0,1,39.4,3
189,1,0,1,29.0,0,0,30.0,3
190,1,1,0,21.0,0,0,77.9583,3
191,1,0,1,30.0,0,0,45.5,3
192,1,1,0,58.0,0,0,146.5208,0
193,1,1,0,15.0,0,1,211.3375,3
194,1,0,1,30.0,0,0,26.0,3
195,1,1,0,16.0,0,0,86.5,3
196,1,1,1,28.0,0,0,29.7,0
197,1,0,1,19.0,1,0,53.1,3
198,1,1,0,18.0,1,0,53.1,3
199,1,1,0,24.0,0,0,49.5042,0
200,1,0,1,46.0,0,0,75.2417,0
201,1,0,1,54.0,0,0,51.8625,3
202,1,1,1,36.0,0,0,26.2875,3
203,1,0,1,28.0,1,0,82.1708,0
204,1,1,0,28.0,1,0,82.1708,0
205,1,0,1,65.0,0,0,26.55,3
206,1,0,1,44.0,2,0,90.0,2
207,1,1,0,33.0,1,0,90.0,2
208,1,1,0,37.0,1,0,90.0,2
209,1,1,1,30.0,1,0,57.75,0
210,1,0,1,55.0,0,0,30.5,3
211,1,0,1,47.0,0,0,42.4,3
212,1,0,1,37.0,0,1,29.7,0
213,1,1,0,31.0,1,0,113.275,0
214,1,1,0,23.0,1,0,113.275,0
215,1,0,1,58.0,0,2,113.275,0
216,1,1,0,19.0,0,2,26.2833,3
217,1,0,1,64.0,0,0,26.0,3
218,1,1,0,39.0,0,0,108.9,0
219,1,1,1,28.0,0,0,25.7417,0
220,1,1,0,22.0,0,1,61.9792,0
221,1,0,1,65.0,0,1,61.9792,0
222,1,0,1,28.5,0,0,27.7208,0
223,1,0,1,28.0,0,0,0.0,3
224,1,0,1,45.5,0,0,28.5,3
225,1,0,1,23.0,0,0,93.5,3
226,1,0,1,29.0,1,0,66.6,3
227,1,1,0,22.0,1,0,66.6,3
228,1,0,1,18.0,1,0,108.9,0
229,1,1,0,17.0,1,0,108.9,0
230,1,1,0,30.0,0,0,93.5,3
231,1,1,1,52.0,0,0,30.5,3
232,1,0,1,47.0,0,0,52.0,3
233,1,1,0,56.0,0,1,83.1583,0
234,1,0,1,38.0,0,0,0.0,3
235,1,1,1,28.0,0,0,39.6,3
236,1,0,1,22.0,0,0,135.6333,0
237,1,0,1,28.0,0,0,227.525,0
238,1,1,0,43.0,0,1,211.3375,3
239,1,0,1,31.0,0,0,50.4958,3
240,1,1,1,45.0,0,0,26.55,3
241,1,0,1,28.0,0,0,50.0,3
242,1,1,0,33.0,0,0,27.7208,0
243,1,0,1,46.0,0,0,79.2,0
244,1,0,1,36.0,0,0,40.125,0
245,1,1,0,33.0,0,0,86.5,3
246,1,0,1,55.0,1,0,59.4,0
247,1,1,0,54.0,1,0,59.4,0
248,1,0,1,33.0,0,0,26.55,3
249,1,1,1,13.0,2,2,262.375,0
250,1,1,0,18.0,2,2,262.375,0
251,1,1,0,21.0,2,2,262.375,0
252,1,0,1,61.0,1,3,262.375,0
253,1,1,0,48.0,1,3,262.375,0
254,1,1,1,28.0,0,0,30.5,3
255,1,1,0,24.0,0,0,69.3,0
256,1,1,1,28.0,0,0,26.0,3
257,1,1,0,35.0,1,0,57.75,0
258,1,1,0,30.0,0,0,31.0,0
259,1,1,1,34.0,0,0,26.55,3
260,1,1,0,40.0,0,0,153.4625,3
261,1,1,1,35.0,0,0,26.2875,3
262,1,0,1,50.0,1,0,55.9,3
263,1,1,0,39.0,1,0,55.9,3
264,1,1,1,56.0,0,0,35.5,0
265,1,1,1,28.0,0,0,35.5,3
266,1,0,1,56.0,0,0,26.55,3
267,1,0,1,56.0,0,0,30.6958,0
268,1,0,1,24.0,1,0,60.0,3
269,1,0,1,28.0,0,0,26.0,3
270,1,1,0,18.0,1,0,60.0,3
271,1,1,1,24.0,1,0,82.2667,3
272,1,1,0,23.0,1,0,82.2667,3
273,1,1,1,6.0,0,2,134.5,0
274,1,1,1,45.0,1,1,134.5,0
275,1,1,0,40.0,1,1,134.5,0
276,1,0,1,57.0,1,0,146.5208,0
277,1,1,0,28.0,1,0,146.5208,0
278,1,1,1,32.0,0,0,30.5,0
279,1,0,1,62.0,0,0,26.55,3
280,1,1,1,54.0,1,0,55.4417,0
281,1,1,0,43.0,1,0,55.4417,0
282,1,1,0,52.0,1,0,78.2667,0
283,1,0,1,28.0,0,0,27.7208,0
284,1,1,0,62.0,0,0,80.0,1
285,1,0,1,67.0,1,0,221.7792,3
286,1,0,0,63.0,1,0,221.7792,3
287,1,0,1,61.0,0,0,32.3208,3
288,1,1,0,48.0,0,0,25.9292,3
289,1,1,0,18.0,0,2,79.65,3
290,1,0,1,52.0,1,1,79.65,3
291,1,1,0,39.0,1,1,79.65,3
292,1,1,1,48.0,1,0,52.0,3
293,1,1,0,28.0,1,0,52.0,3
294,1,0,1,49.0,1,1,110.8833,0
295,1,1,1,17.0,0,2,110.8833,0
296,1,1,0,39.0,1,1,110.8833,0
297,1,1,0,28.0,0,0,79.2,0
298,1,1,1,31.0,0,0,28.5375,0
299,1,0,1,40.0,0,0,27.7208,0
300,1,0,1,61.0,0,0,33.5,3
301,1,0,1,47.0,0,0,34.0208,3
302,1,1,0,35.0,0,0,512.3292,0
303,1,0,1,64.0,1,0,75.25,0
304,1,1,0,60.0,1,0,75.25,0
305,1,0,1,60.0,0,0,26.55,3
306,1,0,1,54.0,0,1,77.2875,3
307,1,0,1,21.0,0,1,77.2875,3
308,1,1,0,55.0,0,0,135.6333,0
309,1,1,0,31.0,0,2,164.8667,3
310,1,0,1,57.0,1,1,164.8667,3
311,1,1,0,45.0,1,1,164.8667,3
312,1,0,1,50.0,1,1,211.5,0
313,1,0,1,27.0,0,2,211.5,0
314,1,1,0,50.0,1,1,211.5,0
315,1,1,0,21.0,0,0,26.55,3
316,1,0,1,51.0,0,1,61.3792,0
317,1,1,1,21.0,0,1,61.3792,0
318,1,0,1,28.0,0,0,35.0,3
319,1,1,0,31.0,0,0,134.5,0
320,1,1,1,28.0,0,0,35.5,3
321,1,0,1,62.0,0,0,26.55,3
322,1,1,0,36.0,0,0,135.6333,0
323,2,0,1,30.0,1,0,24.0,0
324,2,1,0,28.0,1,0,24.0,0
325,2,0,1,30.0,0,0,13.0,3
326,2,0,1,18.0,0,0,11.5,3
327,2,0,1,25.0,0,0,10.5,3
328,2,0,1,34.0,1,0,26.0,3
329,2,1,0,36.0,1,0,26.0,3
330,2,0,1,57.0,0,0,13.0,3
331,2,0,1,18.0,0,0,11.5,3
332,2,0,1,23.0,0,0,10.5,3
333,2,1,0,36.0,0,0,13.0,3
334,2,0,1,28.0,0,0,10.5,3
335,2,0,1,51.0,0,0,12.525,3
336,2,1,1,32.0,1,0,26.0,3
337,2,1,0,19.0,1,0,26.0,3
338,2,0,1,28.0,0,0,26.0,3
339,2,1,1,1.0,2,1,39.0,3
340,2,1,0,4.0,2,1,39.0,3
341,2,1,0,12.0,2,1,39.0,3
342,2,1,0,36.0,0,3,39.0,3
343,2,1,1,34.0,0,0,13.0,3
344,2,1,0,19.0,0,0,13.0,3
345,2,0,1,23.0,0,0,13.0,3
346,2,0,1,26.0,0,0,13.0,3
347,2,0,1,42.0,0,0,13.0,3
348,2,0,1,27.0,0,0,13.0,3
349,2,1,0,24.0,0,0,13.0,3
350,2,1,0,15.0,0,2,39.0,3
351,2,0,1,60.0,1,1,39.0,3
352,2,1,0,40.0,1,1,39.0,3
353,2,1,0,20.0,1,0,26.0,3
354,2,0,1,25.0,1,0,26.0,3
355,2,1,0,36.0,0,0,13.0,3
356,2,0,1,25.0,0,0,13.0,3
357,2,0,1,42.0,0,0,13.0,3
358,2,1,0,42.0,0,0,13.0,3
359,2,1,1,0.8333,0,2,29.0,3
360,2,1,1,26.0,1,1,29.0,3
361,2,1,0,22.0,1,1,29.0,3
362,2,1,0,35.0,0,0,21.0,3
363,2,0,1,28.0,0,0,0.0,3
364,2,0,1,19.0,0,0,13.0,3
365,2,0,0,44.0,1,0,26.0,3
366,2,0,1,54.0,1,0,26.0,3
367,2,0,1,52.0,0,0,13.5,3
368,2,0,1,37.0,1,0,26.0,3
369,2,0,0,29.0,1,0,26.0,3
370,2,1,0,25.0,1,1,30.0,3
371,2,1,0,45.0,0,2,30.0,3
372,2,0,1,29.0,1,0,26.0,3
373,2,1,0,28.0,1,0,26.0,3
374,2,0,1,29.0,0,0,10.5,3
375,2,0,1,28.0,0,0,13.0,3
376,2,1,1,24.0,0,0,10.5,3
377,2,1,0,8.0,0,2,26.25,3
378,2,0,1,31.0,1,1,26.25,3
379,2,1,0,31.0,1,1,26.25,3
380,2,1,0,22.0,0,0,10.5,3
381,2,0,0,30.0,0,0,13.0,3
382,2,0,0,28.0,0,0,21.0,3
383,2,0,1,21.0,0,0,11.5,3
384,2,0,1,28.0,0,0,0.0,3
385,2,1,1,8.0,1,1,36.75,3
386,2,0,1,18.0,0,0,73.5,3
387,2,1,0,48.0,0,2,36.75,3
388,2,1,0,28.0,0,0,13.0,3
389,2,0,1,32.0,0,0,13.0,3
390,2,0,1,17.0,0,0,73.5,3
391,2,0,1,29.0,1,0,27.7208,0
392,2,1,0,24.0,1,0,27.7208,0
393,2,0,1,25.0,0,0,31.5,3
394,2,0,1,18.0,0,0,73.5,3
395,2,1,0,18.0,0,1,23.0,3
396,2,1,0,34.0,0,1,23.0,3
397,2,0,1,54.0,0,0,26.0,3
398,2,1,1,8.0,0,2,32.5,3
399,2,0,1,42.0,1,1,32.5,3
400,2,1,0,34.0,1,1,32.5,3
401,2,1,0,27.0,1,0,13.8583,0
402,2,1,0,30.0,1,0,13.8583,0
403,2,0,1,23.0,0,0,13.0,3
404,2,0,1,21.0,0,0,13.0,3
405,2,0,1,18.0,0,0,13.0,3
406,2,0,1,40.0,1,0,26.0,3
407,2,1,0,29.0,1,0,26.0,3
408,2,0,1,18.0,0,0,10.5,3
409,2,0,1,36.0,0,0,13.0,3
410,2,0,1,28.0,0,0,0.0,3
411,2,0,0,38.0,0,0,13.0,3
412,2,0,1,35.0,0,0,26.0,3
413,2,0,1,38.0,1,0,21.0,3
414,2,0,1,34.0,1,0,21.0,3
415,2,1,0,34.0,0,0,13.0,3
416,2,0,1,16.0,0,0,26.0,3
417,2,0,1,26.0,0,0,10.5,3
418,2,0,1,47.0,0,0,10.5,3
419,2,0,1,21.0,1,0,11.5,3
420,2,0,1,21.0,1,0,11.5,3
421,2,0,1,24.0,0,0,13.5,3
422,2,0,1,24.0,0,0,13.0,3
423,2,0,1,34.0,0,0,13.0,3
424,2,0,1,30.0,0,0,13.0,3
425,2,0,1,52.0,0,0,13.0,3
426,2,0,1,30.0,0,0,13.0,3
427,2,1,1,0.6667,1,1,14.5,3
428,2,1,0,24.0,0,2,14.5,3
429,2,0,1,44.0,0,0,13.0,3
430,2,1,0,6.0,0,1,33.0,3
431,2,0,1,28.0,0,1,33.0,3
432,2,1,1,62.0,0,0,10.5,3
433,2,0,1,30.0,0,0,10.5,3
434,2,1,0,7.0,0,2,26.25,3
435,2,0,1,43.0,1,1,26.25,3
436,2,1,0,45.0,1,1,26.25,3
437,2,1,0,24.0,1,2,65.0,3
438,2,1,0,24.0,1,2,65.0,3
439,2,0,1,49.0,1,2,65.0,3
440,2,1,0,48.0,1,2,65.0,3
441,2,1,0,55.0,0,0,16.0,3
442,2,0,1,24.0,2,0,73.5,3
443,2,0,1,32.0,2,0,73.5,3
444,2,0,1,21.0,2,0,73.5,3
445,2,0,0,18.0,1,1,13.0,3
446,2,1,0,20.0,2,1,23.0,3
447,2,0,1,23.0,2,1,11.5,3
448,2,0,1,36.0,0,0,13.0,3
449,2,1,0,54.0,1,3,23.0,3
450,2,0,1,50.0,0,0,13.0,3
451,2,0,1,44.0,1,0,26.0,3
452,2,1,0,29.0,1,0,26.0,3
453,2,0,1,21.0,0,0,73.5,3
454,2,1,1,42.0,0,0,13.0,3
455,2,0,1,63.0,1,0,26.0,3
456,2,0,0,60.0,1,0,26.0,3
457,2,0,1,33.0,0,0,12.275,3
458,2,1,0,17.0,0,0,10.5,3
459,2,0,1,42.0,1,0,27.0,3
460,2,1,0,24.0,2,1,27.0,3
461,2,0,1,47.0,0,0,15.0,3
462,2,0,1,24.0,2,0,31.5,3
463,2,0,1,22.0,2,0,31.5,3
464,2,0,1,32.0,0,0,10.5,3
465,2,1,0,23.0,0,0,13.7917,0
466,2,0,1,34.0,1,0,26.0,3
467,2,1,0,24.0,1,0,26.0,3
468,2,0,0,22.0,0,0,21.0,3
469,2,1,0,28.0,0,0,12.35,2
470,2,0,1,35.0,0,0,12.35,2
471,2,1,0,45.0,0,0,13.5,3
472,2,0,1,57.0,0,0,12.35,2
473,2,0,1,28.0,0,0,0.0,3
474,2,0,1,31.0,0,0,10.5,3
475,2,0,0,26.0,1,1,26.0,3
476,2,0,1,30.0,1,1,26.0,3
477,2,0,1,28.0,0,0,10.7083,2
478,2,1,0,1.0,1,2,41.5792,0
479,2,1,0,3.0,1,2,41.5792,0
480,2,0,1,25.0,1,2,41.5792,0
481,2,1,0,22.0,1,2,41.5792,0
482,2,1,0,17.0,0,0,12.0,0
483,2,1,0,28.0,0,0,33.0,3
484,2,1,0,34.0,0,0,10.5,3
485,2,0,1,36.0,0,0,12.875,0
486,2,0,1,24.0,0,0,10.5,3
487,2,0,1,61.0,0,0,12.35,2
488,2,0,1,50.0,1,0,26.0,3
489,2,1,0,42.0,1,0,26.0,3
490,2,0,0,57.0,0,0,10.5,3
491,2,0,1,28.0,0,0,15.0458,0
492,2,1,1,1.0,0,2,37.0042,0
493,2,0,1,31.0,1,1,37.0042,0
494,2,1,0,24.0,1,1,37.0042,0
495,2,0,1,28.0,0,0,15.5792,0
496,2,0,1,30.0,0,0,13.0,3
497,2,0,1,40.0,0,0,16.0,3
498,2,0,1,32.0,0,0,13.5,3
499,2,0,1,30.0,0,0,13.0,3
500,2,0,1,46.0,0,0,26.0,3
501,2,1,0,13.0,0,1,19.5,3
502,2,1,0,41.0,0,1,19.5,3
503,2,1,1,19.0,0,0,10.5,3
504,2,0,1,39.0,0,0,13.0,3
505,2,0,1,48.0,0,0,13.0,3
506,2,0,1,70.0,0,0,10.5,3
507,2,0,1,27.0,0,0,13.0,3
508,2,0,1,54.0,0,0,14.0,3
509,2,0,1,39.0,0,0,26.0,3
510,2,0,1,16.0,0,0,10.5,3
511,2,0,1,62.0,0,0,9.6875,2
512,2,0,1,32.5,1,0,30.0708,0
513,2,1,0,14.0,1,0,30.0708,0
514,2,1,1,2.0,1,1,26.0,3
515,2,1,1,3.0,1,1,26.0,3
516,2,0,1,36.5,0,2,26.0,3
517,2,0,1,26.0,0,0,13.0,3
518,2,0,1,19.0,1,1,36.75,3
519,2,0,1,28.0,0,0,13.5,3
520,2,1,1,20.0,0,0,13.8625,0
521,2,1,0,29.0,0,0,10.5,3
522,2,0,1,39.0,0,0,13.0,3
523,2,1,1,22.0,0,0,10.5,3
524,2,1,1,28.0,0,0,13.8625,0
525,2,0,1,23.0,0,0,10.5,3
526,2,1,1,29.0,0,0,13.8583,0
527,2,0,1,28.0,0,0,10.5,3
528,2,0,1,28.0,0,0,0.0,3
529,2,1,0,50.0,0,1,26.0,3
530,2,0,1,19.0,0,0,10.5,3
531,2,0,1,28.0,0,0,15.05,0
532,2,0,1,41.0,0,0,13.0,3
533,2,1,0,21.0,0,1,21.0,3
534,2,1,0,19.0,0,0,26.0,3
535,2,0,1,43.0,0,1,21.0,3
536,2,1,0,32.0,0,0,13.0,3
537,2,0,1,34.0,0,0,13.0,3
538,2,1,1,30.0,0,0,12.7375,0
539,2,0,1,27.0,0,0,15.0333,0
540,2,1,0,2.0,1,1,26.0,3
541,2,1,0,8.0,1,1,26.0,3
542,2,1,0,33.0,0,2,26.0,3
543,2,0,1,36.0,0,0,10.5,3
544,2,0,1,34.0,1,0,21.0,3
545,2,1,0,30.0,3,0,21.0,3
546,2,1,0,28.0,0,0,13.0,3
547,2,0,1,23.0,0,0,15.0458,0
548,2,1,1,0.8333,1,1,18.75,3
549,2,1,1,3.0,1,1,18.75,3
550,2,1,0,24.0,2,3,18.75,3
551,2,1,0,50.0,0,0,10.5,3
552,2,0,1,19.0,0,0,10.5,3
553,2,1,0,21.0,0,0,10.5,3
554,2,0,1,26.0,0,0,13.0,3
555,2,0,1,25.0,0,0,13.0,3
556,2,0,1,27.0,0,0,26.0,3
557,2,1,0,25.0,0,1,26.0,3
558,2,1,0,18.0,0,2,13.0,3
559,2,1,0,20.0,0,0,36.75,3
560,2,1,0,30.0,0,0,13.0,3
561,2,0,1,59.0,0,0,13.5,3
562,2,1,0,30.0,0,0,12.35,2
563,2,0,1,35.0,0,0,10.5,3
564,2,1,0,40.0,0,0,13.0,3
565,2,0,1,25.0,0,0,13.0,3
566,2,0,1,41.0,0,0,15.0458,0
567,2,0,1,25.0,0,0,10.5,3
568,2,0,1,18.5,0,0,13.0,3
569,2,0,1,14.0,0,0,65.0,3
570,2,1,0,50.0,0,0,10.5,3
571,2,0,1,23.0,0,0,13.0,3
572,2,1,0,28.0,0,0,12.65,3
573,2,1,0,27.0,0,0,10.5,3
574,2,0,1,29.0,1,0,21.0,3
575,2,0,0,27.0,1,0,21.0,3
576,2,0,1,40.0,0,0,13.0,3
577,2,1,0,31.0,0,0,21.0,3
578,2,0,1,30.0,1,0,21.0,3
579,2,0,1,23.0,1,0,10.5,3
580,2,1,0,31.0,0,0,21.0,3
581,2,0,1,28.0,0,0,0.0,3
582,2,1,0,12.0,0,0,15.75,3
583,2,1,0,40.0,0,0,15.75,3
584,2,1,0,32.5,0,0,13.0,3
585,2,0,1,27.0,1,0,26.0,3
586,2,1,0,29.0,1,0,26.0,3
587,2,1,1,2.0,1,1,23.0,3
588,2,1,0,4.0,1,1,23.0,3
589,2,1,0,29.0,0,2,23.0,3
590,2,1,0,0.9167,1,2,27.75,3
591,2,1,0,5.0,1,2,27.75,3
592,2,0,1,36.0,1,2,27.75,3
593,2,1,0,33.0,1,2,27.75,3
594,2,0,1,66.0,0,0,10.5,3
595,2,0,1,28.0,0,0,12.875,3
596,2,1,1,31.0,0,0,13.0,3
597,2,1,1,28.0,0,0,13.0,3
598,2,1,0,26.0,0,0,13.5,3
599,2,0,0,24.0,0,0,13.0,3
600,3,0,1,42.0,0,0,7.55,3
601,3,0,1,13.0,0,2,20.25,3
602,3,0,1,16.0,1,1,20.25,3
603,3,1,0,35.0,1,1,20.25,3
604,3,1,0,16.0,0,0,7.65,3
605,3,1,1,25.0,0,0,7.65,3
606,3,1,1,20.0,0,0,7.925,3
607,3,1,0,18.0,0,0,7.2292,0
608,3,0,1,30.0,0,0,7.25,3
609,3,0,1,26.0,0,0,8.05,3
610,3,0,0,40.0,1,0,9.475,3
611,3,1,1,0.8333,0,1,9.35,3
612,3,1,0,18.0,0,1,9.35,3
613,3,1,1,26.0,0,0,18.7875,0
614,3,0,1,26.0,0,0,7.8875,3
615,3,0,1,20.0,0,0,7.925,3
616,3,0,1,24.0,0,0,7.05,3
617,3,0,1,25.0,0,0,7.05,3
618,3,0,1,35.0,0,0,8.05,3
619,3,0,1,18.0,0,0,8.3,3
620,3,0,1,32.0,0,0,22.525,3
621,3,1,0,19.0,1,0,7.8542,3
622,3,0,1,4.0,4,2,31.275,3
623,3,0,0,6.0,4,2,31.275,3
624,3,0,0,2.0,4,2,31.275,3
625,3,1,0,17.0,4,2,7.925,3
626,3,0,0,38.0,4,2,7.775,3
627,3,0,0,9.0,4,2,31.275,3
628,3,0,0,11.0,4,2,31.275,3
629,3,0,1,39.0,1,5,31.275,3
630,3,1,1,27.0,0,0,7.7958,3
631,3,0,1,26.0,0,0,7.775,3
632,3,0,0,39.0,1,5,31.275,3
633,3,0,1,20.0,0,0,7.8542,3
634,3,0,1,26.0,0,0,7.8958,3
635,3,0,1,25.0,1,0,17.8,3
636,3,0,0,18.0,1,0,17.8,3
637,3,0,1,24.0,0,0,7.775,3
638,3,0,1,35.0,0,0,7.05,3
639,3,0,1,5.0,4,2,31.3875,3
640,3,0,1,9.0,4,2,31.3875,3
641,3,1,1,3.0,4,2,31.3875,3
642,3,0,1,13.0,4,2,31.3875,3
643,3,1,0,5.0,4,2,31.3875,3
644,3,0,1,40.0,1,5,31.3875,3
645,3,1,1,23.0,0,0,7.7958,3
646,3,1,0,38.0,1,5,31.3875,3
647,3,1,0,45.0,0,0,7.225,0
648,3,0,1,21.0,0,0,7.225,0
649,3,0,1,23.0,0,0,7.05,3
650,3,0,0,17.0,0,0,14.4583,0
651,3,0,1,30.0,0,0,7.225,0
652,3,0,1,23.0,0,0,7.8542,3
653,3,1,0,13.0,0,0,7.2292,0
654,3,0,1,20.0,0,0,7.225,0
655,3,0,1,32.0,1,0,15.85,3
656,3,1,0,33.0,3,0,15.85,3
657,3,1,0,0.75,2,1,19.2583,0
658,3,1,0,0.75,2,1,19.2583,0
659,3,1,0,5.0,2,1,19.2583,0
660,3,1,0,24.0,0,3,19.2583,0
661,3,1,0,18.0,0,0,8.05,3
662,3,0,1,40.0,0,0,7.225,0
663,3,0,1,26.0,0,0,7.8958,3
664,3,1,1,20.0,0,0,7.2292,0
665,3,0,0,18.0,0,1,14.4542,0
666,3,0,0,45.0,0,1,14.4542,0
667,3,0,0,27.0,0,0,7.8792,2
668,3,0,1,22.0,0,0,8.05,3
669,3,0,1,19.0,0,0,8.05,3
670,3,0,1,26.0,0,0,7.775,3
671,3,0,1,22.0,0,0,9.35,3
672,3,0,1,28.0,0,0,7.2292,0
673,3,0,1,20.0,0,0,4.0125,0
674,3,1,1,32.0,0,0,56.4958,3
675,3,0,1,21.0,0,0,7.775,3
676,3,0,1,18.0,0,0,7.75,3
677,3,0,1,26.0,0,0,7.8958,3
678,3,0,1,6.0,1,1,15.2458,0
679,3,0,0,9.0,1,1,15.2458,0
680,3,0,1,28.0,0,0,7.225,0
681,3,0,0,28.0,0,2,15.2458,0
682,3,0,0,28.0,0,2,7.75,2
683,3,0,1,40.0,1,1,15.5,2
684,3,0,0,32.0,1,1,15.5,2
685,3,0,1,21.0,0,0,16.1,3
686,3,1,0,22.0,0,0,7.725,2
687,3,0,0,20.0,0,0,7.8542,3
688,3,0,1,29.0,1,0,7.0458,3
689,3,0,1,22.0,1,0,7.25,3
690,3,0,1,22.0,0,0,7.7958,3
691,3,0,1,35.0,0,0,8.05,3
692,3,0,0,18.5,0,0,7.2833,2
693,3,1,1,21.0,0,0,7.8208,2
694,3,0,1,19.0,0,0,6.75,2
695,3,0,0,18.0,0,0,7.8792,2
696,3,0,0,21.0,0,0,8.6625,3
697,3,0,0,30.0,0,0,8.6625,3
698,3,0,1,18.0,0,0,8.6625,3
699,3,0,1,38.0,0,0,8.6625,3
700,3,0,1,17.0,0,0,8.6625,3
701,3,0,1,17.0,0,0,8.6625,3
702,3,0,0,21.0,0,0,7.75,2
703,3,0,1,21.0,0,0,7.75,2
704,3,0,1,21.0,0,0,8.05,3
705,3,0,1,28.0,1,0,14.4583,0
706,3,0,0,28.0,1,0,14.4583,0
707,3,0,1,28.0,0,0,7.7958,3
708,3,0,1,24.0,0,0,7.8542,3
709,3,1,0,16.0,0,0,7.75,2
710,3,0,0,37.0,0,0,7.75,2
711,3,0,1,28.0,0,0,7.25,3
712,3,0,1,24.0,0,0,8.05,3
713,3,0,1,21.0,0,0,7.7333,2
714,3,1,1,32.0,0,0,56.4958,3
715,3,0,1,29.0,0,0,8.05,3
716,3,0,1,26.0,1,0,14.4542,0
717,3,0,1,18.0,1,0,14.4542,0
718,3,0,1,20.0,0,0,7.05,3
719,3,1,1,18.0,0,0,8.05,3
720,3,0,1,24.0,0,0,7.25,2
721,3,0,1,36.0,0,0,7.4958,3
722,3,0,1,24.0,0,0,7.4958,3
723,3,0,1,31.0,0,0,7.7333,2
724,3,0,1,31.0,0,0,7.75,2
725,3,1,0,22.0,0,0,7.75,2
726,3,0,0,30.0,0,0,7.6292,2
727,3,0,1,70.5,0,0,7.75,2
728,3,0,1,43.0,0,0,8.05,3
729,3,0,1,35.0,0,0,7.8958,3
730,3,0,1,27.0,0,0,7.8958,3
731,3,0,1,19.0,0,0,7.8958,3
732,3,0,1,30.0,0,0,8.05,3
733,3,1,1,9.0,1,1,15.9,3
734,3,1,1,3.0,1,1,15.9,3
735,3,1,0,36.0,0,2,15.9,3
736,3,0,1,59.0,0,0,7.25,3
737,3,0,1,19.0,0,0,8.1583,3
738,3,1,0,17.0,0,1,16.1,3
739,3,0,1,44.0,0,1,16.1,3
740,3,0,1,17.0,0,0,8.6625,3
741,3,0,1,22.5,0,0,7.225,0
742,3,1,1,45.0,0,0,8.05,3
743,3,0,0,22.0,0,0,10.5167,3
744,3,0,1,19.0,0,0,10.1708,3
745,3,1,0,30.0,0,0,6.95,2
746,3,1,1,29.0,0,0,7.75,2
747,3,0,1,0.3333,0,2,14.4,3
748,3,0,1,34.0,1,1,14.4,3
749,3,0,0,28.0,1,1,14.4,3
750,3,0,1,27.0,0,0,7.8958,3
751,3,0,1,25.0,0,0,7.8958,3
752,3,0,1,24.0,2,0,24.15,3
753,3,0,1,22.0,0,0,8.05,3
754,3,0,1,21.0,2,0,24.15,3
755,3,0,1,17.0,2,0,8.05,3
756,3,0,1,28.0,1,0,16.1,3
757,3,1,0,28.0,1,0,16.1,3
758,3,1,1,36.5,1,0,17.4,3
759,3,1,0,36.0,1,0,17.4,3
760,3,1,1,30.0,0,0,9.5,3
761,3,0,1,16.0,0,0,9.5,3
762,3,1,1,1.0,1,2,20.575,3
763,3,1,0,0.1667,1,2,20.575,3
764,3,0,1,26.0,1,2,20.575,3
765,3,1,0,33.0,1,2,20.575,3
766,3,0,1,25.0,0,0,7.8958,3
767,3,0,1,28.0,0,0,7.8958,3
768,3,0,1,28.0,0,0,7.8958,3
769,3,0,1,22.0,0,0,7.25,3
770,3,0,1,36.0,0,0,7.25,3
771,3,1,0,19.0,0,0,7.8792,2
772,3,0,1,17.0,0,0,7.8958,3
773,3,0,1,42.0,0,0,8.6625,3
774,3,0,1,43.0,0,0,7.8958,3
775,3,0,1,28.0,0,0,7.2292,0
776,3,0,1,32.0,0,0,7.75,2
777,3,1,1,19.0,0,0,8.05,3
778,3,1,0,30.0,0,0,12.475,3
779,3,0,0,24.0,0,0,7.75,2
780,3,1,0,23.0,0,0,8.05,3
781,3,0,1,33.0,0,0,7.8958,0
782,3,0,1,65.0,0,0,7.75,2
783,3,1,1,24.0,0,0,7.55,3
784,3,0,1,23.0,1,0,13.9,3
785,3,1,0,22.0,1,0,13.9,3
786,3,0,1,18.0,0,0,7.775,3
787,3,0,1,16.0,0,0,7.775,3
788,3,0,1,45.0,0,0,6.975,3
789,3,0,1,28.0,0,0,7.225,0
790,3,0,1,39.0,0,2,7.2292,0
791,3,0,1,17.0,1,1,7.2292,0
792,3,0,1,15.0,1,1,7.2292,0
793,3,0,1,47.0,0,0,7.25,3
794,3,1,0,5.0,0,0,12.475,3
795,3,0,1,28.0,0,0,7.225,0
796,3,0,1,40.5,0,0,15.1,3
797,3,0,1,40.5,0,0,7.75,2
798,3,1,1,28.0,0,0,7.05,3
799,3,0,1,18.0,0,0,7.7958,3
800,3,0,0,28.0,0,0,7.75,2
801,3,0,1,28.0,0,0,7.75,2
802,3,0,1,28.0,0,0,6.95,2
803,3,0,1,26.0,0,0,7.8792,2
804,3,0,1,28.0,0,0,7.75,2
805,3,1,1,28.0,0,0,56.4958,3
806,3,0,0,21.0,2,2,34.375,3
807,3,0,0,9.0,2,2,34.375,3
808,3,0,1,28.0,0,0,8.05,3
809,3,0,1,18.0,2,2,34.375,3
810,3,0,1,16.0,1,3,34.375,3
811,3,0,0,48.0,1,3,34.375,3
812,3,0,1,28.0,0,0,7.75,2
813,3,0,1,28.0,0,0,7.25,3
814,3,0,1,25.0,0,0,7.7417,2
815,3,0,1,28.0,0,0,14.5,3
816,3,0,1,28.0,0,0,7.8958,0
817,3,0,1,22.0,0,0,8.05,3
818,3,1,0,16.0,0,0,7.7333,2
819,3,1,0,28.0,0,0,7.75,2
820,3,1,1,9.0,0,2,20.525,3
821,3,0,1,33.0,1,1,20.525,3
822,3,0,1,41.0,0,0,7.85,3
823,3,1,0,31.0,1,1,20.525,3
824,3,0,1,38.0,0,0,7.05,3
825,3,0,1,9.0,5,2,46.9,3
826,3,0,1,1.0,5,2,46.9,3
827,3,0,1,11.0,5,2,46.9,3
828,3,0,0,10.0,5,2,46.9,3
829,3,0,0,16.0,5,2,46.9,3
830,3,0,1,14.0,5,2,46.9,3
831,3,0,1,40.0,1,6,46.9,3
832,3,0,0,43.0,1,6,46.9,3
833,3,0,1,51.0,0,0,8.05,3
834,3,0,1,32.0,0,0,8.3625,3
835,3,0,1,28.0,0,0,8.05,3
836,3,0,1,20.0,0,0,9.8458,3
837,3,0,1,37.0,2,0,7.925,3
838,3,0,1,28.0,2,0,7.925,3
839,3,0,1,19.0,0,0,7.775,3
840,3,0,0,24.0,0,0,8.85,3
841,3,0,0,17.0,0,0,7.7333,2
842,3,0,1,28.0,1,0,19.9667,3
843,3,0,1,28.0,1,0,19.9667,3
844,3,0,1,28.0,1,0,15.85,3
845,3,1,0,24.0,1,0,15.85,3
846,3,0,1,20.0,0,0,9.5,3
847,3,0,1,23.5,0,0,7.2292,0
848,3,0,1,41.0,2,0,14.1083,3
849,3,0,1,26.0,1,0,7.8542,3
850,3,0,1,21.0,0,0,7.8542,3
851,3,1,0,45.0,1,0,14.1083,3
852,3,0,0,28.0,0,0,7.55,3
853,3,0,1,25.0,0,0,7.25,3
854,3,0,1,28.0,0,0,6.8583,2
855,3,0,1,11.0,0,0,18.7875,0
856,3,1,0,28.0,0,0,7.75,2
857,3,1,1,27.0,0,0,6.975,3
858,3,1,1,28.0,0,0,56.4958,3
859,3,0,0,18.0,0,0,6.75,2
860,3,1,0,26.0,0,0,7.925,3
861,3,0,0,23.0,0,0,7.925,3
862,3,1,0,22.0,0,0,8.9625,3
863,3,0,1,28.0,0,0,7.8958,3
864,3,0,0,28.0,0,0,7.775,3
865,3,0,0,28.0,0,0,7.75,2
866,3,1,0,2.0,0,1,12.2875,3
867,3,1,0,22.0,1,1,12.2875,3
868,3,0,1,43.0,0,0,6.45,3
869,3,0,1,28.0,0,0,22.525,3
870,3,1,0,27.0,0,0,7.925,3
871,3,0,1,28.0,0,0,7.75,2
872,3,1,0,28.0,0,0,8.05,3
873,3,0,1,42.0,0,0,7.65,3
874,3,1,1,28.0,0,0,7.8875,3
875,3,0,1,30.0,0,0,7.2292,0
876,3,0,1,28.0,0,0,7.8958,3
877,3,0,0,27.0,1,0,7.925,3
878,3,0,0,25.0,1,0,7.925,3
879,3,0,1,28.0,0,0,7.8958,3
880,3,1,1,29.0,0,0,7.8958,0
881,3,1,1,21.0,0,0,7.7958,3
882,3,0,1,28.0,0,0,7.05,3
883,3,0,1,20.0,0,0,7.8542,3
884,3,0,1,48.0,0,0,7.8542,3
885,3,0,1,17.0,1,0,7.0542,3
886,3,1,0,28.0,0,0,7.75,2
887,3,1,1,28.0,0,0,8.1125,3
888,3,0,1,34.0,0,0,6.4958,3
889,3,1,1,26.0,0,0,7.775,3
890,3,0,1,22.0,0,0,7.7958,3
891,3,0,1,33.0,0,0,8.6542,3
892,3,0,1,31.0,0,0,7.775,3
893,3,0,1,29.0,0,0,7.8542,3
894,3,1,1,4.0,1,1,11.1333,3
895,3,1,0,1.0,1,1,11.1333,3
896,3,0,1,49.0,0,0,0.0,3
897,3,0,1,33.0,0,0,7.775,3
898,3,0,1,19.0,0,0,0.0,3
899,3,1,0,27.0,0,2,11.1333,3
900,3,0,1,28.0,1,2,23.45,3
901,3,0,0,28.0,1,2,23.45,3
902,3,0,1,28.0,1,2,23.45,3
903,3,0,0,28.0,1,2,23.45,3
904,3,0,1,23.0,0,0,7.8958,3
905,3,1,1,32.0,0,0,7.8542,3
906,3,0,1,27.0,0,0,7.8542,3
907,3,0,0,20.0,1,0,9.825,3
908,3,0,0,21.0,1,0,9.825,3
909,3,1,1,32.0,0,0,7.925,3
910,3,0,1,17.0,0,0,7.125,3
911,3,0,1,21.0,0,0,8.4333,3
912,3,0,1,30.0,0,0,7.8958,3
913,3,1,1,21.0,0,0,7.7958,3
914,3,0,1,33.0,0,0,7.8542,3
915,3,0,1,22.0,0,0,7.5208,3
916,3,1,0,4.0,0,1,13.4167,0
917,3,1,1,39.0,0,1,13.4167,0
918,3,0,1,28.0,0,0,7.2292,0
919,3,0,1,18.5,0,0,7.2292,0
920,3,0,1,28.0,0,0,7.75,2
921,3,0,1,28.0,0,0,7.25,3
922,3,1,0,28.0,0,0,7.75,2
923,3,1,0,28.0,0,0,7.75,2
924,3,0,1,34.5,0,0,7.8292,2
925,3,0,1,44.0,0,0,8.05,3
926,3,1,1,28.0,0,0,7.75,2
927,3,0,1,28.0,1,0,14.4542,0
928,3,0,0,28.0,1,0,14.4542,0
929,3,0,1,28.0,1,0,7.75,2
930,3,0,1,28.0,1,0,7.75,2
931,3,0,1,28.0,0,0,7.7375,2
932,3,0,0,22.0,2,0,8.6625,3
933,3,0,1,26.0,2,0,8.6625,3
934,3,1,0,4.0,0,2,22.025,3
935,3,1,1,29.0,3,1,22.025,3
936,3,1,0,26.0,1,1,22.025,3
937,3,0,0,1.0,1,1,12.1833,3
938,3,0,1,18.0,1,1,7.8542,3
939,3,0,0,36.0,0,2,12.1833,3
940,3,0,1,28.0,0,0,7.8958,0
941,3,1,1,25.0,0,0,7.2292,0
942,3,0,1,28.0,0,0,7.225,0
943,3,0,0,37.0,0,0,9.5875,3
944,3,0,1,28.0,0,0,7.8958,3
945,3,1,1,28.0,0,0,56.4958,3
946,3,0,1,28.0,0,0,56.4958,3
947,3,1,0,22.0,0,0,7.25,3
948,3,0,1,28.0,0,0,7.75,2
949,3,1,1,26.0,0,0,56.4958,3
950,3,0,1,29.0,0,0,9.4833,3
951,3,0,1,29.0,0,0,7.775,3
952,3,0,1,22.0,0,0,7.775,3
953,3,1,1,22.0,0,0,7.225,0
954,3,0,1,28.0,3,1,25.4667,3
955,3,0,0,28.0,3,1,25.4667,3
956,3,0,0,28.0,3,1,25.4667,3
957,3,0,0,28.0,3,1,25.4667,3
958,3,0,0,28.0,0,4,25.4667,3
959,3,0,1,32.0,0,0,7.925,3
960,3,0,1,34.5,0,0,6.4375,0
961,3,0,0,28.0,1,0,15.5,2
962,3,0,1,28.0,1,0,15.5,2
963,3,0,1,36.0,0,0,0.0,3
964,3,0,1,39.0,0,0,24.15,3
965,3,0,1,24.0,0,0,9.5,3
966,3,0,0,25.0,0,0,7.775,3
967,3,0,0,45.0,0,0,7.75,3
968,3,0,1,36.0,1,0,15.55,3
969,3,0,0,30.0,1,0,15.55,3
970,3,1,1,20.0,1,0,7.925,3
971,3,0,1,28.0,0,0,7.8792,2
972,3,0,1,28.0,0,0,56.4958,3
973,3,0,1,28.0,0,0,7.55,3
974,3,0,1,30.0,1,0,16.1,3
975,3,0,0,26.0,1,0,16.1,3
976,3,0,1,28.0,0,0,7.8792,3
977,3,0,1,20.5,0,0,7.25,3
978,3,1,1,27.0,0,0,8.6625,3
979,3,0,1,51.0,0,0,7.0542,3
980,3,1,0,23.0,0,0,7.8542,3
981,3,1,1,32.0,0,0,7.5792,3
982,3,0,1,28.0,0,0,7.8958,3
983,3,0,1,28.0,0,0,7.55,3
984,3,1,0,28.0,0,0,7.75,2
985,3,1,1,24.0,0,0,7.1417,3
986,3,0,1,22.0,0,0,7.125,3
987,3,0,0,28.0,0,0,7.8792,2
988,3,0,1,28.0,0,0,7.75,2
989,3,0,1,28.0,0,0,8.05,3
990,3,0,1,29.0,0,0,7.925,3
991,3,1,1,28.0,0,0,7.2292,0
992,3,0,0,30.5,0,0,7.75,2
993,3,1,0,28.0,0,0,7.7375,2
994,3,0,1,28.0,0,0,7.2292,0
995,3,0,1,35.0,0,0,7.8958,0
996,3,0,1,33.0,0,0,7.8958,3
997,3,1,0,28.0,0,0,7.225,0
998,3,0,1,28.0,0,0,7.8958,0
999,3,1,0,28.0,0,0,7.75,2
1000,3,1,1,28.0,0,0,7.75,2
1001,3,1,0,28.0,2,0,23.25,2
1002,3,1,0,28.0,2,0,23.25,2
1003,3,1,1,28.0,2,0,23.25,2
1004,3,1,0,28.0,0,0,7.7875,2
1005,3,0,1,28.0,0,0,15.5,2
1006,3,1,0,28.0,0,0,7.8792,2
1007,3,1,0,15.0,0,0,8.0292,2
1008,3,0,0,35.0,0,0,7.75,2
1009,3,0,1,28.0,0,0,7.75,2
1010,3,0,1,24.0,1,0,16.1,3
1011,3,0,0,19.0,1,0,16.1,3
1012,3,0,0,28.0,0,0,7.75,2
1013,3,0,0,28.0,0,0,8.05,3
1014,3,0,0,28.0,0,0,8.05,3
1015,3,0,1,55.5,0,0,8.05,3
1016,3,0,1,28.0,0,0,7.75,2
1017,3,1,1,21.0,0,0,7.775,3
1018,3,0,1,28.0,0,0,8.05,3
1019,3,0,1,24.0,0,0,7.8958,3
1020,3,0,1,21.0,0,0,7.8958,3
1021,3,0,1,28.0,0,0,7.8958,3
1022,3,0,1,28.0,0,0,7.8958,3
1023,3,1,0,28.0,0,0,7.8792,2
1024,3,0,1,25.0,0,0,7.65,3
1025,3,1,1,6.0,0,1,12.475,3
1026,3,1,0,27.0,0,1,12.475,3
1027,3,0,1,28.0,0,0,8.05,3
1028,3,1,0,28.0,1,0,24.15,2
1029,3,0,1,28.0,1,0,24.15,2
1030,3,0,1,28.0,0,0,8.4583,2
1031,3,0,1,34.0,0,0,8.05,3
1032,3,0,1,28.0,0,0,7.75,2
1033,3,1,1,28.0,0,0,7.775,3
1034,3,1,1,28.0,1,1,15.2458,0
1035,3,1,1,28.0,1,1,15.2458,0
1036,3,1,0,28.0,0,2,15.2458,0
1037,3,1,0,28.0,0,0,7.2292,0
1038,3,0,1,28.0,0,0,8.05,3
1039,3,1,0,28.0,0,0,7.7333,2
1040,3,1,0,24.0,0,0,7.75,2
1041,3,0,1,28.0,0,0,8.05,3
1042,3,1,0,28.0,1,0,15.5,2
1043,3,1,0,28.0,1,0,15.5,2
1044,3,1,0,28.0,0,0,15.5,2
1045,3,0,1,18.0,0,0,7.75,3
1046,3,0,1,22.0,0,0,7.8958,3
1047,3,1,0,15.0,0,0,7.225,0
1048,3,1,0,1.0,0,2,15.7417,0
1049,3,1,1,20.0,1,1,15.7417,0
1050,3,1,0,19.0,1,1,15.7417,0
1051,3,0,1,33.0,0,0,8.05,3
1052,3,0,1,28.0,0,0,7.8958,3
1053,3,0,1,28.0,0,0,7.2292,0
1054,3,0,0,28.0,0,0,7.75,2
1055,3,0,1,28.0,0,0,7.8958,3
1056,3,1,1,12.0,1,0,11.2417,0
1057,3,1,0,14.0,1,0,11.2417,0
1058,3,0,0,29.0,0,0,7.925,3
1059,3,0,1,28.0,0,0,8.05,3
1060,3,1,0,18.0,0,0,7.775,3
1061,3,1,0,26.0,0,0,7.8542,3
1062,3,0,1,21.0,0,0,7.8542,3
1063,3,0,1,41.0,0,0,7.125,3
1064,3,1,1,39.0,0,0,7.925,3
1065,3,0,1,21.0,0,0,7.8,3
1066,3,0,1,28.5,0,0,7.2292,0
1067,3,1,0,22.0,0,0,7.75,3
1068,3,0,1,61.0,0,0,6.2375,3
1069,3,0,1,28.0,1,0,15.5,2
1070,3,0,1,28.0,0,0,7.8292,2
1071,3,1,0,28.0,1,0,15.5,2
1072,3,0,1,28.0,0,0,7.7333,2
1073,3,0,1,28.0,0,0,7.75,2
1074,3,0,1,28.0,0,0,7.75,2
1075,3,0,1,23.0,0,0,9.225,3
1076,3,0,0,28.0,0,0,7.75,2
1077,3,1,0,28.0,0,0,7.75,2
1078,3,1,0,28.0,0,0,7.8792,2
1079,3,1,0,22.0,0,0,7.775,3
1080,3,1,1,28.0,0,0,7.75,2
1081,3,1,0,28.0,0,0,7.8292,2
1082,3,1,1,9.0,0,1,3.1708,3
1083,3,0,1,28.0,0,0,22.525,3
1084,3,0,1,42.0,0,1,8.4042,3
1085,3,0,1,28.0,0,0,7.3125,3
1086,3,0,0,31.0,0,0,7.8542,3
1087,3,0,1,28.0,0,0,7.8542,3
1088,3,1,1,32.0,0,0,7.775,3
1089,3,0,1,20.0,0,0,9.225,3
1090,3,0,0,23.0,0,0,8.6625,3
1091,3,0,0,20.0,0,0,8.6625,3
1092,3,0,1,20.0,0,0,8.6625,3
1093,3,0,1,16.0,0,0,9.2167,3
1094,3,1,0,31.0,0,0,8.6833,3
1095,3,0,0,28.0,0,0,7.6292,2
1096,3,0,1,2.0,3,1,21.075,3
1097,3,0,1,6.0,3,1,21.075,3
1098,3,0,0,3.0,3,1,21.075,3
1099,3,0,0,8.0,3,1,21.075,3
1100,3,0,0,29.0,0,4,21.075,3
1101,3,0,1,1.0,4,1,39.6875,3
1102,3,0,1,7.0,4,1,39.6875,3
1103,3,0,1,2.0,4,1,39.6875,3
1104,3,0,1,16.0,4,1,39.6875,3
1105,3,0,1,14.0,4,1,39.6875,3
1106,3,0,0,41.0,0,5,39.6875,3
1107,3,0,1,21.0,0,0,8.6625,3
1108,3,0,1,19.0,0,0,14.5,3
1109,3,0,1,28.0,0,0,8.7125,0
1110,3,0,1,32.0,0,0,7.8958,3
1111,3,0,1,0.75,1,1,13.775,3
1112,3,0,0,3.0,1,1,13.775,3
1113,3,0,0,26.0,0,2,13.775,3
1114,3,0,1,28.0,0,0,7.0,3
1115,3,0,1,28.0,0,0,7.775,3
1116,3,0,1,28.0,0,0,8.05,3
1117,3,0,1,21.0,0,0,7.925,3
1118,3,0,1,25.0,0,0,7.925,3
1119,3,0,1,22.0,0,0,7.25,3
1120,3,1,1,25.0,1,0,7.775,3
1121,3,1,1,28.0,1,1,22.3583,0
1122,3,1,0,28.0,1,1,22.3583,0
1123,3,1,0,28.0,0,2,22.3583,0
1124,3,0,0,28.0,0,0,8.1375,2
1125,3,0,1,24.0,0,0,8.05,3
1126,3,0,0,28.0,0,0,7.8958,3
1127,3,0,1,19.0,0,0,7.8958,3
1128,3,0,1,28.0,0,0,7.8958,3
1129,3,0,1,25.0,1,0,7.775,3
1130,3,0,0,18.0,0,0,7.775,3
1131,3,1,1,32.0,0,0,8.05,3
1132,3,0,1,28.0,0,0,7.8958,3
1133,3,0,1,17.0,0,0,8.6625,3
1134,3,0,1,24.0,0,0,8.6625,3
1135,3,0,1,28.0,0,0,7.8958,3
1136,3,0,0,28.0,0,0,8.1125,3
1137,3,0,1,28.0,0,0,7.2292,0
1138,3,0,1,28.0,0,0,7.25,3
1139,3,0,1,38.0,0,0,7.8958,3
1140,3,0,1,21.0,0,0,8.05,3
1141,3,0,1,10.0,4,1,29.125,2
1142,3,0,1,4.0,4,1,29.125,2
1143,3,0,1,7.0,4,1,29.125,2
1144,3,0,1,2.0,4,1,29.125,2
1145,3,0,1,8.0,4,1,29.125,2
1146,3,0,0,39.0,0,5,29.125,2
1147,3,0,0,22.0,0,0,39.6875,3
1148,3,0,1,35.0,0,0,7.125,3
1149,3,1,0,28.0,0,0,7.7208,2
1150,3,0,1,28.0,0,0,14.5,3
1151,3,0,0,28.0,0,0,14.5,3
1152,3,0,1,50.0,1,0,14.5,3
1153,3,0,0,47.0,1,0,14.5,3
1154,3,0,1,28.0,0,0,8.05,3
1155,3,0,1,28.0,0,0,7.775,3
1156,3,0,0,2.0,1,1,20.2125,3
1157,3,0,1,18.0,1,1,20.2125,3
1158,3,0,0,41.0,0,2,20.2125,3
1159,3,1,0,28.0,0,0,8.05,3
1160,3,0,1,50.0,0,0,8.05,3
1161,3,0,1,16.0,0,0,8.05,3
1162,3,1,1,28.0,0,0,7.75,2
1163,3,0,1,28.0,0,0,24.15,2
1164,3,0,1,28.0,0,0,7.2292,0
1165,3,0,1,25.0,0,0,7.225,0
1166,3,0,1,28.0,0,0,7.225,0
1167,3,0,1,28.0,0,0,7.7292,2
1168,3,0,1,28.0,0,0,7.575,3
1169,3,0,1,38.5,0,0,7.25,3
1170,3,0,1,28.0,8,2,69.55,3
1171,3,0,1,14.5,8,2,69.55,3
1172,3,0,0,28.0,8,2,69.55,3
1173,3,0,0,28.0,8,2,69.55,3
1174,3,0,0,28.0,8,2,69.55,3
1175,3,0,0,28.0,8,2,69.55,3
1176,3,0,1,28.0,8,2,69.55,3
1177,3,0,1,28.0,8,2,69.55,3
1178,3,0,1,28.0,8,2,69.55,3
1179,3,0,1,28.0,1,9,69.55,3
1180,3,0,0,28.0,1,9,69.55,3
1181,3,0,1,24.0,0,0,9.325,3
1182,3,1,0,21.0,0,0,7.65,3
1183,3,0,1,39.0,0,0,7.925,3
1184,3,0,1,28.0,2,0,21.6792,0
1185,3,0,1,28.0,2,0,21.6792,0
1186,3,0,1,28.0,2,0,21.6792,0
1187,3,1,0,1.0,1,1,16.7,3
1188,3,1,0,24.0,0,2,16.7,3
1189,3,1,0,4.0,1,1,16.7,3
1190,3,1,1,25.0,0,0,9.5,3
1191,3,0,1,20.0,0,0,8.05,3
1192,3,0,1,24.5,0,0,8.05,3
1193,3,0,1,28.0,0,0,7.725,2
1194,3,0,1,28.0,0,0,7.8958,3
1195,3,0,1,28.0,0,0,7.75,2
1196,3,1,1,29.0,0,0,9.5,3
1197,3,0,1,28.0,0,0,15.1,3
1198,3,1,0,28.0,0,0,7.7792,2
1199,3,0,1,28.0,0,0,8.05,3
1200,3,0,1,28.0,0,0,8.05,3
1201,3,0,1,22.0,0,0,7.2292,0
1202,3,0,1,28.0,0,0,8.05,3
1203,3,0,1,40.0,0,0,7.8958,3
1204,3,0,1,21.0,0,0,7.925,3
1205,3,1,0,18.0,0,0,7.4958,3
1206,3,0,1,4.0,3,2,27.9,3
1207,3,0,1,10.0,3,2,27.9,3
1208,3,0,0,9.0,3,2,27.9,3
1209,3,0,0,2.0,3,2,27.9,3
1210,3,0,1,40.0,1,4,27.9,3
1211,3,0,0,45.0,1,4,27.9,3
1212,3,0,1,28.0,0,0,7.8958,3
1213,3,0,1,28.0,0,0,8.05,3
1214,3,0,1,28.0,0,0,8.6625,3
1215,3,0,1,28.0,0,0,7.75,2
1216,3,1,0,28.0,0,0,7.7333,2
1217,3,0,1,19.0,0,0,7.65,3
1218,3,0,1,30.0,0,0,8.05,3
1219,3,0,1,28.0,0,0,8.05,3
1220,3,0,1,32.0,0,0,8.05,3
1221,3,0,1,28.0,0,0,7.8958,3
1222,3,0,1,33.0,0,0,8.6625,0
1223,3,1,0,23.0,0,0,7.55,3
1224,3,0,1,21.0,0,0,8.05,3
1225,3,0,1,60.5,0,0,0.0,3
1226,3,0,1,19.0,0,0,7.8958,3
1227,3,0,0,22.0,0,0,9.8375,3
1228,3,1,1,31.0,0,0,7.925,3
1229,3,0,1,27.0,0,0,8.6625,3
1230,3,0,0,2.0,0,1,10.4625,3
1231,3,0,0,29.0,1,1,10.4625,3
1232,3,1,1,16.0,0,0,8.05,3
1233,3,1,1,44.0,0,0,7.925,3
1234,3,0,1,25.0,0,0,7.05,3
1235,3,0,1,74.0,0,0,7.775,3
1236,3,1,1,14.0,0,0,9.225,3
1237,3,0,1,24.0,0,0,7.7958,3
1238,3,1,1,25.0,0,0,7.7958,3
1239,3,0,1,34.0,0,0,8.05,3
1240,3,1,1,0.4167,0,1,8.5167,0
1241,3,0,1,28.0,1,0,6.4375,0
1242,3,0,1,28.0,0,0,6.4375,0
1243,3,0,1,28.0,0,0,7.225,0
1244,3,1,0,16.0,1,1,8.5167,0
1245,3,0,1,28.0,0,0,8.05,3
1246,3,0,1,28.0,1,0,16.1,3
1247,3,1,0,28.0,1,0,16.1,3
1248,3,0,1,32.0,0,0,7.925,3
1249,3,0,1,28.0,0,0,7.75,2
1250,3,0,1,28.0,0,0,7.8958,3
1251,3,0,1,30.5,0,0,8.05,3
1252,3,0,1,44.0,0,0,8.05,3
1253,3,0,1,28.0,0,0,7.2292,0
1254,3,1,1,25.0,0,0,0.0,3
1255,3,0,1,28.0,0,0,7.2292,0
1256,3,1,1,7.0,1,1,15.2458,0
1257,3,1,0,9.0,1,1,15.2458,0
1258,3,1,0,29.0,0,2,15.2458,0
1259,3,0,1,36.0,0,0,7.8958,3
1260,3,1,0,18.0,0,0,9.8417,3
1261,3,1,0,63.0,0,0,9.5875,3
1262,3,0,1,28.0,1,1,14.5,3
1263,3,0,1,11.5,1,1,14.5,3
1264,3,0,1,40.5,0,2,14.5,3
1265,3,0,0,10.0,0,2,24.15,3
1266,3,0,1,36.0,1,1,24.15,3
1267,3,0,0,30.0,1,1,24.15,3
1268,3,0,1,28.0,0,0,9.5,3
1269,3,0,1,33.0,0,0,9.5,3
1270,3,0,1,28.0,0,0,9.5,3
1271,3,0,1,28.0,0,0,9.5,3
1272,3,0,1,47.0,0,0,9.0,3
1273,3,0,0,18.0,2,0,18.0,3
1274,3,0,1,31.0,3,0,18.0,3
1275,3,0,1,16.0,2,0,18.0,3
1276,3,0,0,31.0,1,0,18.0,3
1277,3,1,1,22.0,0,0,7.225,0
1278,3,0,1,20.0,0,0,7.8542,3
1279,3,0,0,14.0,0,0,7.8542,3
1280,3,0,1,22.0,0,0,7.8958,3
1281,3,0,1,22.0,0,0,9.0,3
1282,3,0,1,28.0,0,0,8.05,3
1283,3,0,1,28.0,0,0,7.55,3
1284,3,0,1,28.0,0,0,8.05,3
1285,3,0,1,32.5,0,0,9.5,3
1286,3,1,0,38.0,0,0,7.2292,0
1287,3,0,1,51.0,0,0,7.75,3
1288,3,0,1,18.0,1,0,6.4958,3
1289,3,0,1,21.0,1,0,6.4958,3
1290,3,1,0,47.0,1,0,7.0,3
1291,3,0,1,28.0,0,0,8.7125,3
1292,3,0,1,28.0,0,0,7.55,3
1293,3,0,1,28.0,0,0,8.05,3
1294,3,0,1,28.5,0,0,16.1,3
1295,3,0,1,21.0,0,0,7.25,3
1296,3,0,1,27.0,0,0,8.6625,3
1297,3,0,1,28.0,0,0,7.25,3
1298,3,0,1,36.0,0,0,9.5,3
1299,3,0,1,27.0,1,0,14.4542,0
1300,3,1,0,15.0,1,0,14.4542,0
1301,3,0,1,45.5,0,0,7.225,0
1302,3,0,1,28.0,0,0,7.225,0
1303,3,0,1,28.0,0,0,14.4583,0
1304,3,0,0,14.5,1,0,14.4542,0
1305,3,0,0,28.0,1,0,14.4542,0
1306,3,0,1,26.5,0,0,7.225,0
1307,3,0,1,27.0,0,0,7.225,0
1308,3,0,1,29.0,0,0,7.875,3
